id,icon
0,"https://api.weather.gov/icons/land/night/few,1?size=small"
1,"https://api.weather.gov/icons/land/night/tsra_hi,20?size=small"
2,"https://api.weather.gov/icons/land/day/tsra_hi,25?size=small"
3,"https://api.weather.gov/icons/land/night/few,0?size=small"
4,"https://api.weather.gov/icons/land/night/tsra_hi,28?size=small"
5,"https://api.weather.gov/icons/land/night/tsra_hi,24?size=small"
6,"https://api.weather.gov/icons/land/day/tsra_sct,48?size=small"
7,"https://api.weather.gov/icons/land/day/tsra_hi,17?size=small"
8,"https://api.weather.gov/icons/land/night/tsra_hi,48?size=small"
9,"https://api.weather.gov/icons/land/night/tsra,37?size=small"
10,"https://api.weather.gov/icons/land/night/tsra_sct,58?size=small"
11,"https://api.weather.gov/icons/land/day/tsra_hi,19?size=small"
12,"https://api.weather.gov/icons/land/night/tsra_sct,57?size=small"
13,"https://api.weather.gov/icons/land/day/few,13?size=small"
14,"https://api.weather.gov/icons/land/day/tsra_hi,48?size=small"
15,"https://api.weather.gov/icons/land/day/tsra_hi,16?size=small"
16,"https://api.weather.gov/icons/land/night/tsra,56?size=small"
17,"https://api.weather.gov/icons/land/night/few,3?size=small"
18,"https://api.weather.gov/icons/land/day/sct,7?size=small"
19,"https://api.weather.gov/icons/land/day/tsra_hi,35?size=small"
20,"https://api.weather.gov/icons/land/night/tsra_hi,56?size=small"
21,"https://api.weather.gov/icons/land/day/tsra_hi,32?size=small"
22,"https://api.weather.gov/icons/land/night/tsra_hi,32?size=small"
23,"https://api.weather.gov/icons/land/night/tsra_sct,50?size=small"
24,"https://api.weather.gov/icons/land/day/tsra_sct,42?size=small"
25,"https://api.weather.gov/icons/land/day/tsra_hi,46?size=small"
26,"https://api.weather.gov/icons/land/night/tsra,43?size=small"
27,"https://api.weather.gov/icons/land/night/tsra_hi,29?size=small"
28,"https://api.weather.gov/icons/land/day/tsra_hi,29?size=small"
29,"https://api.weather.gov/icons/land/day/tsra_hi,24?size=small"
30,"https://api.weather.gov/icons/land/night/tsra,50?size=small"
31,"https://api.weather.gov/icons/land/day/sct,14?size=small"
32,"https://api.weather.gov/icons/land/day/tsra_hi,30?size=small"
33,"https://api.weather.gov/icons/land/day/tsra_hi,56?size=small"
34,"https://api.weather.gov/icons/land/day/tsra_hi,15?size=small"
35,"https://api.weather.gov/icons/land/day/tsra_hi,22?size=small"
36,"https://api.weather.gov/icons/land/night/tsra_hi,43?size=small"
37,"https://api.weather.gov/icons/land/day/tsra_hi,23?size=small"
38,"https://api.weather.gov/icons/land/night/tsra_hi,25?size=small"
39,"https://api.weather.gov/icons/land/night/few,10?size=small"
40,"https://api.weather.gov/icons/land/night/tsra_hi,22?size=small"
41,"https://api.weather.gov/icons/land/day/tsra_sct,46?size=small"
42,"https://api.weather.gov/icons/land/day/few,12?size=small"
43,"https://api.weather.gov/icons/land/day/tsra_hi,21?size=small"
44,"https://api.weather.gov/icons/land/night/tsra_sct,39?size=small"
45,"https://api.weather.gov/icons/land/day/sct,12?size=small"
46,"https://api.weather.gov/icons/land/day/tsra_hi,20?size=small"
47,"https://api.weather.gov/icons/land/day/sct,11?size=small"
48,"https://api.weather.gov/icons/land/night/tsra_hi,21?size=small"
49,"https://api.weather.gov/icons/land/night/tsra_hi,36?size=small"
50,"https://api.weather.gov/icons/land/night/few,2?size=small"
51,"https://api.weather.gov/icons/land/night/tsra_hi,26?size=small"
52,"https://api.weather.gov/icons/land/night/few,4?size=small"
53,"https://api.weather.gov/icons/land/day/tsra_hi,18?size=small"
54,"https://api.weather.gov/icons/land/night/few,13?size=small"
55,"https://api.weather.gov/icons/land/night/tsra_hi,18?size=small"
55,"https://api.weather.gov/icons/land/night/tsra_hi,35?size=small"
56,"https://api.weather.gov/icons/land/night/tsra,39?size=small"
57,"https://api.weather.gov/icons/land/day/skc,0?size=small"
58,"https://api.weather.gov/icons/land/night/tsra_hi,47?size=small"
59,"https://api.weather.gov/icons/land/day/bkn,8?size=small"
60,"https://api.weather.gov/icons/land/night/sct,13?size=small"
61,"https://api.weather.gov/icons/land/night/tsra,47?size=small"
62,"https://api.weather.gov/icons/land/day/bkn,7?size=small"
63,"https://api.weather.gov/icons/land/day/tsra_sct,29?size=small"
64,"https://api.weather.gov/icons/land/night/tsra_hi,19?size=small"
65,"https://api.weather.gov/icons/land/day/few,10?size=small"
66,"https://api.weather.gov/icons/land/day/sct,10?size=small"
67,"https://api.weather.gov/icons/land/night/sct,10?size=small"
68,"https://api.weather.gov/icons/land/day/tsra_sct,17?size=small"
69,"https://api.weather.gov/icons/land/day/tsra_sct,15?size=small"
70,"https://api.weather.gov/icons/land/day/tsra_sct,31?size=small"
71,"https://api.weather.gov/icons/land/day/sct,13?size=small"
72,"https://api.weather.gov/icons/land/night/tsra_hi,16?size=small"
73,"https://api.weather.gov/icons/land/night/tsra,44?size=small"
74,"https://api.weather.gov/icons/land/day/tsra_hi,31?size=small"
75,"https://api.weather.gov/icons/land/day/tsra_sct,22?size=small"
76,"https://api.weather.gov/icons/land/day/bkn,5?size=small"
77,"https://api.weather.gov/icons/land/night/tsra_hi,17?size=small"
78,"https://api.weather.gov/icons/land/night/sct,2?size=small"
79,"https://api.weather.gov/icons/land/day/tsra,36?size=small"
80,"https://api.weather.gov/icons/land/day/tsra_hi,47?size=small"
81,"https://api.weather.gov/icons/land/night/tsra_hi,30?size=small"
82,"https://api.weather.gov/icons/land/day/few,0?size=small"
83,"https://api.weather.gov/icons/land/night/tsra_hi,23?size=small"
84,"https://api.weather.gov/icons/land/night/skc,0?size=small"
85,"https://api.weather.gov/icons/land/day/bkn,12?size=small"
86,"https://api.weather.gov/icons/land/day/sct,9?size=small"
87,"https://api.weather.gov/icons/land/night/tsra_hi,31?size=small"
87,"https://api.weather.gov/icons/land/night/tsra_hi,45?size=small"
88,"https://api.weather.gov/icons/land/day/few,4?size=small"
89,"https://api.weather.gov/icons/land/day/tsra_hi,34?size=small"
90,"https://api.weather.gov/icons/land/night/tsra_sct,45?size=small"
91,"https://api.weather.gov/icons/land/night/tsra_hi,60?size=small"
92,"https://api.weather.gov/icons/land/night/few,9?size=small"
93,"https://api.weather.gov/icons/land/day/tsra_sct,26?size=small"
94,"https://api.weather.gov/icons/land/day/tsra_hi,26?size=small"
95,"https://api.weather.gov/icons/land/day/tsra_sct,19?size=small"
96,"https://api.weather.gov/icons/land/day/rain_showers,17?size=small"
97,"https://api.weather.gov/icons/land/day/tsra_hi,28?size=small"
98,"https://api.weather.gov/icons/land/day/skc,4?size=small"
99,"https://api.weather.gov/icons/land/night/sct,12?size=small"
100,"https://api.weather.gov/icons/land/day/rain_showers,15?size=small"
101,"https://api.weather.gov/icons/land/night/tsra_hi,34?size=small"
102,"https://api.weather.gov/icons/land/day/skc,2?size=small"
103,"https://api.weather.gov/icons/land/night/rain_showers,15?size=small"
104,"https://api.weather.gov/icons/land/day/sct,8?size=small"
105,"https://api.weather.gov/icons/land/night/sct,5?size=small"
106,"https://api.weather.gov/icons/land/day/few,2?size=small"
107,"https://api.weather.gov/icons/land/day/tsra_hi,60?size=small"
108,"https://api.weather.gov/icons/land/day/tsra_sct,24?size=small"
109,"https://api.weather.gov/icons/land/day/sct,4?size=small"
110,"https://api.weather.gov/icons/land/night/tsra_hi,15?size=small"
111,"https://api.weather.gov/icons/land/day/tsra_sct,39?size=small"
112,"https://api.weather.gov/icons/land/day/bkn,11?size=small"
112,"https://api.weather.gov/icons/land/night/rain_showers,17?size=small"
112,"https://api.weather.gov/icons/land/night/few,14?size=small"
113,"https://api.weather.gov/icons/land/day/smoke,3?size=small"
114,"https://api.weather.gov/icons/land/night/tsra_sct,37?size=small"
115,"https://api.weather.gov/icons/land/night/tsra_sct,41?size=small"
116,"https://api.weather.gov/icons/land/night/rain_showers,16?size=small"
117,"https://api.weather.gov/icons/land/night/sct,7?size=small"
118,"https://api.weather.gov/icons/land/night/sct,11?size=small"
119,"https://api.weather.gov/icons/land/day/few,1?size=small"
120,"https://api.weather.gov/icons/land/day/smoke,2?size=small"
121,"https://api.weather.gov/icons/land/night/tsra_sct,18?size=small"
122,"https://api.weather.gov/icons/land/night/tsra_hi,52?size=small"
123,"https://api.weather.gov/icons/land/night/tsra,48?size=small"
124,"https://api.weather.gov/icons/land/day/tsra,31?size=small"
125,"https://api.weather.gov/icons/land/day/tsra,38?size=small"
126,"https://api.weather.gov/icons/land/night/tsra_hi,37?size=small"
127,"https://api.weather.gov/icons/land/night/tsra_sct,27?size=small"
128,"https://api.weather.gov/icons/land/night/tsra_sct,33?size=small"
129,"https://api.weather.gov/icons/land/night/tsra_sct,38?size=small"
130,"https://api.weather.gov/icons/land/night/tsra_sct,28?size=small"
131,"https://api.weather.gov/icons/land/night/tsra_sct,23?size=small"
132,"https://api.weather.gov/icons/land/day/tsra_hi,52?size=small"
133,"https://api.weather.gov/icons/land/day/few,9?size=small"
134,"https://api.weather.gov/icons/land/day/rain_showers,16?size=small"
135,"https://api.weather.gov/icons/land/day/smoke,7?size=small"
136,"https://api.weather.gov/icons/land/night/sct,14?size=small"
137,"https://api.weather.gov/icons/land/day/bkn,14?size=small"
138,"https://api.weather.gov/icons/land/night/tsra,41?size=small"
139,"https://api.weather.gov/icons/land/night/tsra,49?size=small"
140,"https://api.weather.gov/icons/land/day/tsra_sct,18?size=small"
141,"https://api.weather.gov/icons/land/day/bkn,9?size=small"
142,"https://api.weather.gov/icons/land/night/few,12?size=small"
143,"https://api.weather.gov/icons/land/day/tsra_sct,38?size=small"
144,"https://api.weather.gov/icons/land/night/tsra_sct,32?size=small"
145,"https://api.weather.gov/icons/land/night/few,7?size=small"
146,"https://api.weather.gov/icons/land/day/rain_showers,20?size=small"
146,"https://api.weather.gov/icons/land/night/few,5?size=small"
146,"https://api.weather.gov/icons/land/night/tsra_sct,21?size=small"
147,"https://api.weather.gov/icons/land/day/sct,5?size=small"
148,"https://api.weather.gov/icons/land/day/tsra_sct,21?size=small"
149,"https://api.weather.gov/icons/land/day/tsra_hi,27?size=small"
150,"https://api.weather.gov/icons/land/day/tsra,47?size=small"
151,"https://api.weather.gov/icons/land/day/few,5?size=small"
152,"https://api.weather.gov/icons/land/day/tsra,18?size=small"
153,"https://api.weather.gov/icons/land/night/sct,6?size=small"
154,"https://api.weather.gov/icons/land/day/few,11?size=small"
155,"https://api.weather.gov/icons/land/day/tsra,72?size=small"
156,"https://api.weather.gov/icons/land/night/tsra,65?size=small"
157,"https://api.weather.gov/icons/land/day/tsra,29?size=small"
158,"https://api.weather.gov/icons/land/night/tsra_sct,19?size=small"
159,"https://api.weather.gov/icons/land/day/few,3?size=small"
160,"https://api.weather.gov/icons/land/day/sct,6?size=small"
161,"https://api.weather.gov/icons/land/day/few,7?size=small"
162,"https://api.weather.gov/icons/land/night/few,11?size=small"
163,"https://api.weather.gov/icons/land/night/tsra,72?size=small"
164,"https://api.weather.gov/icons/land/night/tsra_hi,27?size=small"
164,"https://api.weather.gov/icons/land/night/skc,5?size=small"
165,"https://api.weather.gov/icons/land/day/tsra_sct,23?size=small"
166,"https://api.weather.gov/icons/land/day/tsra,24?size=small"
167,"https://api.weather.gov/icons/land/day/tsra,41?size=small"
168,"https://api.weather.gov/icons/land/night/sct,8?size=small"
169,"https://api.weather.gov/icons/land/night/tsra,35?size=small"
170,"https://api.weather.gov/icons/land/day/bkn,6?size=small"
171,"https://api.weather.gov/icons/land/night/tsra,62?size=small"
172,"https://api.weather.gov/icons/land/day/tsra,35?size=small"
173,"https://api.weather.gov/icons/land/night/sct,4?size=small"
174,"https://api.weather.gov/icons/land/day/tsra_sct,37?size=small"
175,"https://api.weather.gov/icons/land/night/tsra_sct,47?size=small"
176,"https://api.weather.gov/icons/land/day/tsra,30?size=small"
177,"https://api.weather.gov/icons/land/night/bkn,12?size=small"
178,"https://api.weather.gov/icons/land/night/sct,3?size=small"
179,"https://api.weather.gov/icons/land/night/bkn,14?size=small"
180,"https://api.weather.gov/icons/land/night/tsra,63?size=small"
181,"https://api.weather.gov/icons/land/day/tsra,62?size=small"
182,"https://api.weather.gov/icons/land/night/tsra_sct,44?size=small"
182,"https://api.weather.gov/icons/land/night/tsra,77?size=small"
183,"https://api.weather.gov/icons/land/night/few,6?size=small"
184,"https://api.weather.gov/icons/land/day/tsra,26?size=small"
185,"https://api.weather.gov/icons/land/day/bkn,13?size=small"
186,"https://api.weather.gov/icons/land/night/tsra_hi,55?size=small"
187,"https://api.weather.gov/icons/land/night/tsra_sct,76?size=small"
188,"https://api.weather.gov/icons/land/day/tsra,19?size=small"
189,"https://api.weather.gov/icons/land/night/tsra,90?size=small"
190,"https://api.weather.gov/icons/land/day/tsra_sct,28?size=small"
191,"https://api.weather.gov/icons/land/day/skc,3?size=small"
192,"https://api.weather.gov/icons/land/day/bkn,10?size=small"
193,"https://api.weather.gov/icons/land/night/tsra_hi,33?size=small"
194,"https://api.weather.gov/icons/land/night/tsra_sct,20?size=small"
195,"https://api.weather.gov/icons/land/night/tsra,76?size=small"
196,"https://api.weather.gov/icons/land/night/skc,3?size=small"
197,"https://api.weather.gov/icons/land/night/tsra_sct,16?size=small"
198,"https://api.weather.gov/icons/land/night/skc,2?size=small"
199,"https://api.weather.gov/icons/land/night/tsra_sct,24?size=small"
200,"https://api.weather.gov/icons/land/day/few,6?size=small"
200,"https://api.weather.gov/icons/land/night/sct,1?size=small"
201,"https://api.weather.gov/icons/land/day/ovc,5?size=small"
202,"https://api.weather.gov/icons/land/day/sct,2?size=small"
203,"https://api.weather.gov/icons/land/night/fog,0?size=small"
204,"https://api.weather.gov/icons/land/night/few,8?size=small"
205,"https://api.weather.gov/icons/land/day/bkn,3?size=small"
206,"https://api.weather.gov/icons/land/night/bkn,0?size=small"
207,"https://api.weather.gov/icons/land/night/sct,0?size=small"
208,"https://api.weather.gov/icons/land/day/few,8?size=small"
208,"https://api.weather.gov/icons/land/night/sct,9?size=small"
209,"https://api.weather.gov/icons/land/day/few,14?size=small"
210,"https://api.weather.gov/icons/land/day/skc,14?size=small"
211,"https://api.weather.gov/icons/land/day/sct,3?size=small"
211,"https://api.weather.gov/icons/land/day/skc,5?size=small"
212,"https://api.weather.gov/icons/land/night/tsra_sct,17?size=small"
212,"https://api.weather.gov/icons/land/night/tsra_sct,22?size=small"
213,"https://api.weather.gov/icons/land/day/tsra_sct,32?size=small"
214,"https://api.weather.gov/icons/land/day/tsra_sct,27?size=small"
214,"https://api.weather.gov/icons/land/night/bkn,4?size=small"
215,"https://api.weather.gov/icons/land/night/bkn,13?size=small"
216,"https://api.weather.gov/icons/land/day/tsra_sct,25?size=small"
216,"https://api.weather.gov/icons/land/night/bkn,1?size=small"
217,"https://api.weather.gov/icons/land/day/hot,3?size=small"
218,"https://api.weather.gov/icons/land/day/hot,0?size=small"
219,"https://api.weather.gov/icons/land/day/hot,10?size=small"
220,"https://api.weather.gov/icons/land/day/hot,4?size=small"
221,"https://api.weather.gov/icons/land/day/hot,7?size=small"
221,"https://api.weather.gov/icons/land/day/hot,1?size=small"
222,"https://api.weather.gov/icons/land/day/hot,2?size=small"
222,"https://api.weather.gov/icons/land/day/tsra_hi,36?size=small"
223,"https://api.weather.gov/icons/land/day/hot,13?size=small"
224,"https://api.weather.gov/icons/land/night/tsra_hi,42?size=small"
225,"https://api.weather.gov/icons/land/day/sct,0?size=small"
226,"https://api.weather.gov/icons/land/day/skc,1?size=small"
227,"https://api.weather.gov/icons/land/night/skc,1?size=small"
227,"https://api.weather.gov/icons/land/night/tsra,15?size=small"
228,"https://api.weather.gov/icons/land/night/tsra,18?size=small"
229,"https://api.weather.gov/icons/land/day/tsra_sct,35?size=small"
230,"https://api.weather.gov/icons/land/night/bkn,11?size=small"
231,"https://api.weather.gov/icons/land/night/tsra,24?size=small"
232,"https://api.weather.gov/icons/land/night/tsra,32?size=small"
233,"https://api.weather.gov/icons/land/day/tsra_hi,41?size=small"
233,"https://api.weather.gov/icons/land/night/tsra,40?size=small"
234,"https://api.weather.gov/icons/land/day/tsra,60?size=small"
235,"https://api.weather.gov/icons/land/night/bkn,3?size=small"
236,"https://api.weather.gov/icons/land/night/bkn,8?size=small"
237,"https://api.weather.gov/icons/land/day/tsra_sct,33?size=small"
238,"https://api.weather.gov/icons/land/day/tsra,66?size=small"
239,"https://api.weather.gov/icons/land/day/tsra,54?size=small"
240,"https://api.weather.gov/icons/land/night/tsra,17?size=small"
240,"https://api.weather.gov/icons/land/night/tsra,94?size=small"
241,"https://api.weather.gov/icons/land/night/tsra,68?size=small"
242,"https://api.weather.gov/icons/land/night/tsra,81?size=small"
243,"https://api.weather.gov/icons/land/day/tsra,81?size=small"
244,"https://api.weather.gov/icons/land/night/tsra,21?size=small"
245,"https://api.weather.gov/icons/land/day/tsra,88?size=small"
245,"https://api.weather.gov/icons/land/night/bkn,7?size=small"
246,"https://api.weather.gov/icons/land/night/ovc,13?size=small"
247,"https://api.weather.gov/icons/land/night/tsra,34?size=small"
247,"https://api.weather.gov/icons/land/night/tsra_sct,31?size=small"
248,"https://api.weather.gov/icons/land/day/tsra_sct,34?size=small"
249,"https://api.weather.gov/icons/land/day/fog,0?size=small"
250,"https://api.weather.gov/icons/land/day/tsra_hi,42?size=small"
250,"https://api.weather.gov/icons/land/night/tsra_hi,46?size=small"
251,"https://api.weather.gov/icons/land/day/tsra_sct,50?size=small"
252,"https://api.weather.gov/icons/land/night/tsra_sct,46?size=small"
253,"https://api.weather.gov/icons/land/night/tsra_sct,34?size=small"
253,"https://api.weather.gov/icons/land/night/bkn,5?size=small"
254,"https://api.weather.gov/icons/land/day/tsra,61?size=small"
255,"https://api.weather.gov/icons/land/day/tsra,33?size=small"
256,"https://api.weather.gov/icons/land/day/tsra,15?size=small"
257,"https://api.weather.gov/icons/land/night/tsra_sct,56?size=small"
258,"https://api.weather.gov/icons/land/day/tsra_sct,56?size=small"
259,"https://api.weather.gov/icons/land/night/tsra_sct,59?size=small"
260,"https://api.weather.gov/icons/land/night/tsra,59?size=small"
261,"https://api.weather.gov/icons/land/day/tsra,59?size=small"
262,"https://api.weather.gov/icons/land/day/tsra_sct,61?size=small"
263,"https://api.weather.gov/icons/land/day/bkn,4?size=small"
263,"https://api.weather.gov/icons/land/day/bkn,1?size=small"
264,"https://api.weather.gov/icons/land/day/bkn,0?size=small"
264,"https://api.weather.gov/icons/land/day/bkn,2?size=small"
264,"https://api.weather.gov/icons/land/night/bkn,6?size=small"
264,"https://api.weather.gov/icons/land/night/tsra,58?size=small"
265,"https://api.weather.gov/icons/land/day/tsra_sct,30?size=small"
266,"https://api.weather.gov/icons/land/night/tsra_hi,58?size=small"
267,"https://api.weather.gov/icons/land/night/tsra,61?size=small"
268,"https://api.weather.gov/icons/land/night/tsra_sct,64?size=small"
269,"https://api.weather.gov/icons/land/night/bkn,9?size=small"
270,"https://api.weather.gov/icons/land/day/tsra_sct,41?size=small"
271,"https://api.weather.gov/icons/land/night/tsra,64?size=small"
272,"https://api.weather.gov/icons/land/night/tsra_sct,61?size=small"
273,"https://api.weather.gov/icons/land/day/tsra,58?size=small"
273,"https://api.weather.gov/icons/land/night/bkn,2?size=small"
273,"https://api.weather.gov/icons/land/day/tsra,27?size=small"
274,"https://api.weather.gov/icons/land/night/tsra,27?size=small"
275,"https://api.weather.gov/icons/land/day/tsra,69?size=small"
276,"https://api.weather.gov/icons/land/day/tsra,34?size=small"
277,"https://api.weather.gov/icons/land/day/tsra,51?size=small"
278,"https://api.weather.gov/icons/land/night/tsra,69?size=small"
279,"https://api.weather.gov/icons/land/day/tsra,32?size=small"
280,"https://api.weather.gov/icons/land/day/tsra,20?size=small"
281,"https://api.weather.gov/icons/land/night/tsra_hi,41?size=small"
282,"https://api.weather.gov/icons/land/night/tsra,51?size=small"
283,"https://api.weather.gov/icons/land/day/tsra,64?size=small"
284,"https://api.weather.gov/icons/land/day/tsra,37?size=small"
285,"https://api.weather.gov/icons/land/day/tsra,57?size=small"
286,"https://api.weather.gov/icons/land/night/tsra,19?size=small"
286,"https://api.weather.gov/icons/land/night/tsra,66?size=small"
287,"https://api.weather.gov/icons/land/day/tsra,80?size=small"
288,"https://api.weather.gov/icons/land/night/tsra_sct,29?size=small"
289,"https://api.weather.gov/icons/land/day/tsra,79?size=small"
290,"https://api.weather.gov/icons/land/day/tsra_sct,20?size=small"
291,"https://api.weather.gov/icons/land/day/tsra_hi,45?size=small"
292,"https://api.weather.gov/icons/land/day/tsra,74?size=small"
293,"https://api.weather.gov/icons/land/night/tsra,52?size=small"
294,"https://api.weather.gov/icons/land/night/tsra_sct,43?size=small"
295,"https://api.weather.gov/icons/land/day/tsra,45?size=small"
296,"https://api.weather.gov/icons/land/day/tsra_hi,37?size=small"
297,"https://api.weather.gov/icons/land/day/rain_showers,34?size=small"
298,"https://api.weather.gov/icons/land/night/tsra,46?size=small"
299,"https://api.weather.gov/icons/land/day/tsra,87?size=small"
300,"https://api.weather.gov/icons/land/night/tsra,45?size=small"
301,"https://api.weather.gov/icons/land/night/tsra_hi,44?size=small"
302,"https://api.weather.gov/icons/land/day/tsra,50?size=small"
303,"https://api.weather.gov/icons/land/night/tsra,67?size=small"
304,"https://api.weather.gov/icons/land/day/tsra,46?size=small"
305,"https://api.weather.gov/icons/land/day/tsra,95?size=small"
306,"https://api.weather.gov/icons/land/day/tsra,55?size=small"
306,"https://api.weather.gov/icons/land/night/tsra,100?size=small"
307,"https://api.weather.gov/icons/land/day/tsra,78?size=small"
308,"https://api.weather.gov/icons/land/day/tsra,93?size=small"
309,"https://api.weather.gov/icons/land/day/tsra,100?size=small"
309,"https://api.weather.gov/icons/land/day/tsra,73?size=small"
310,"https://api.weather.gov/icons/land/day/tsra,70?size=small"
311,"https://api.weather.gov/icons/land/day/tsra,28?size=small"
312,"https://api.weather.gov/icons/land/day/tsra,75?size=small"
313,"https://api.weather.gov/icons/land/day/tsra,52?size=small"
314,"https://api.weather.gov/icons/land/day/tsra,16?size=small"
314,"https://api.weather.gov/icons/land/night/bkn,10?size=small"
315,"https://api.weather.gov/icons/land/night/tsra,60?size=small"
316,"https://api.weather.gov/icons/land/day/tsra,43?size=small"
317,"https://api.weather.gov/icons/land/night/tsra,73?size=small"
318,"https://api.weather.gov/icons/land/day/rain_showers,23?size=small"
319,"https://api.weather.gov/icons/land/night/tsra,78?size=small"
320,"https://api.weather.gov/icons/land/day/rain_showers,51?size=small"
321,"https://api.weather.gov/icons/land/night/tsra,71?size=small"
322,"https://api.weather.gov/icons/land/night/tsra,80?size=small"
323,"https://api.weather.gov/icons/land/night/tsra,16?size=small"
324,"https://api.weather.gov/icons/land/day/rain_showers,28?size=small"
325,"https://api.weather.gov/icons/land/night/tsra,22?size=small"
326,"https://api.weather.gov/icons/land/day/tsra,65?size=small"
326,"https://api.weather.gov/icons/land/day/tsra_hi,43?size=small"
327,"https://api.weather.gov/icons/land/day/tsra,23?size=small"
327,"https://api.weather.gov/icons/land/night/tsra,91?size=small"
328,"https://api.weather.gov/icons/land/night/tsra,83?size=small"
329,"https://api.weather.gov/icons/land/day/tsra,76?size=small"
330,"https://api.weather.gov/icons/land/night/tsra,82?size=small"
330,"https://api.weather.gov/icons/land/night/tsra,92?size=small"
331,"https://api.weather.gov/icons/land/night/tsra,88?size=small"
332,"https://api.weather.gov/icons/land/night/tsra,87?size=small"
333,"https://api.weather.gov/icons/land/night/tsra,75?size=small"
334,"https://api.weather.gov/icons/land/night/tsra,84?size=small"
335,"https://api.weather.gov/icons/land/day/tsra,68?size=small"
336,"https://api.weather.gov/icons/land/day/tsra,49?size=small"
336,"https://api.weather.gov/icons/land/night/tsra_sct,15?size=small"
337,"https://api.weather.gov/icons/land/day/tsra_sct,16?size=small"
338,"https://api.weather.gov/icons/land/night/tsra,93?size=small"
339,"https://api.weather.gov/icons/land/night/tsra,85?size=small"
340,"https://api.weather.gov/icons/land/day/tsra,22?size=small"
340,"https://api.weather.gov/icons/land/day/tsra_sct,47?size=small"
341,"https://api.weather.gov/icons/land/day/ovc,12?size=small"
342,"https://api.weather.gov/icons/land/day/tsra_hi,44?size=small"
343,"https://api.weather.gov/icons/land/night/tsra_hi,39?size=small"
344,"https://api.weather.gov/icons/land/day/tsra,17?size=small"
345,"https://api.weather.gov/icons/land/day/tsra_hi,50?size=small"
346,"https://api.weather.gov/icons/land/night/rain_showers,20?size=small"
346,"https://api.weather.gov/icons/land/day/tsra,21?size=small"
346,"https://api.weather.gov/icons/land/night/tsra,33?size=small"
347,"https://api.weather.gov/icons/land/night/rain_showers,26?size=small"
347,"https://api.weather.gov/icons/land/night/tsra_sct,36?size=small"
348,"https://api.weather.gov/icons/land/night/rain_showers,18?size=small"
349,"https://api.weather.gov/icons/land/night/tsra_hi,51?size=small"
350,"https://api.weather.gov/icons/land/day/tsra_hi,55?size=small"
351,"https://api.weather.gov/icons/land/day/rain_showers,18?size=small"
352,"https://api.weather.gov/icons/land/day/tsra_hi,51?size=small"
353,"https://api.weather.gov/icons/land/day/tsra_sct,51?size=small"
353,"https://api.weather.gov/icons/land/day/tsra,25?size=small"
354,"https://api.weather.gov/icons/land/night/tsra,36?size=small"
355,"https://api.weather.gov/icons/land/night/tsra,20?size=small"
356,"https://api.weather.gov/icons/land/night/tsra,30?size=small"
356,"https://api.weather.gov/icons/land/night/rain_showers,38?size=small"
357,"https://api.weather.gov/icons/land/day/tsra_sct,44?size=small"
358,"https://api.weather.gov/icons/land/day/tsra_hi,38?size=small"
359,"https://api.weather.gov/icons/land/day/rain_showers,38?size=small"
360,"https://api.weather.gov/icons/land/day/rain_showers,30?size=small"
360,"https://api.weather.gov/icons/land/night/tsra_sct,25?size=small"
361,"https://api.weather.gov/icons/land/night/tsra,29?size=small"
361,"https://api.weather.gov/icons/land/night/tsra,54?size=small"
362,"https://api.weather.gov/icons/land/night/rain_showers,46?size=small"
363,"https://api.weather.gov/icons/land/night/tsra_hi,38?size=small"
364,"https://api.weather.gov/icons/land/day/tsra_hi,58?size=small"
365,"https://api.weather.gov/icons/land/night/rain_showers,29?size=small"
366,"https://api.weather.gov/icons/land/day/tsra_sct,58?size=small"
367,"https://api.weather.gov/icons/land/day/rain_showers,29?size=small"
368,"https://api.weather.gov/icons/land/night/rain_showers,21?size=small"
369,"https://api.weather.gov/icons/land/night/tsra,53?size=small"
370,"https://api.weather.gov/icons/land/day/rain_showers,46?size=small"
370,"https://api.weather.gov/icons/land/day/rain_showers,21?size=small"
371,"https://api.weather.gov/icons/land/day/rain_showers,19?size=small"
371,"https://api.weather.gov/icons/land/night/tsra,38?size=small"
371,"https://api.weather.gov/icons/land/day/tsra_hi,14?size=small"
372,"https://api.weather.gov/icons/land/day/tsra,13?size=small"
373,"https://api.weather.gov/icons/land/night/tsra_hi,13?size=small"
374,"https://api.weather.gov/icons/land/night/tsra_hi,14?size=small"
375,"https://api.weather.gov/icons/land/day/tsra_sct,36?size=small"
376,"https://api.weather.gov/icons/land/day/tsra_sct,14?size=small"
376,"https://api.weather.gov/icons/land/day/sct,1?size=small"
377,"https://api.weather.gov/icons/land/day/tsra_sct,43?size=small"
378,"https://api.weather.gov/icons/land/night/tsra,70?size=small"
378,"https://api.weather.gov/icons/land/day/tsra_hi,59?size=small"
379,"https://api.weather.gov/icons/land/night/tsra_sct,55?size=small"
380,"https://api.weather.gov/icons/land/night/tsra_hi,59?size=small"
381,"https://api.weather.gov/icons/land/day/rain_showers,25?size=small"
381,"https://api.weather.gov/icons/land/day/ovc,7?size=small"
381,"https://api.weather.gov/icons/land/day/tsra_sct,45?size=small"
381,"https://api.weather.gov/icons/land/night/tsra_sct,65?size=small"
382,"https://api.weather.gov/icons/land/night/tsra_hi,40?size=small"
383,"https://api.weather.gov/icons/land/night/tsra_sct,63?size=small"
384,"https://api.weather.gov/icons/land/day/tsra_hi,63?size=small"
384,"https://api.weather.gov/icons/land/night/tsra_sct,49?size=small"
385,"https://api.weather.gov/icons/land/night/tsra_sct,42?size=small"
385,"https://api.weather.gov/icons/land/night/tsra_sct,54?size=small"
386,"https://api.weather.gov/icons/land/night/tsra_sct,67?size=small"
387,"https://api.weather.gov/icons/land/night/tsra_sct,68?size=small"
387,"https://api.weather.gov/icons/land/night/tsra_sct,51?size=small"
388,"https://api.weather.gov/icons/land/day/rain_showers,24?size=small"
389,"https://api.weather.gov/icons/land/day/tsra_hi,39?size=small"
390,"https://api.weather.gov/icons/land/night/rain_showers,24?size=small"
390,"https://api.weather.gov/icons/land/day/rain_showers,26?size=small"
391,"https://api.weather.gov/icons/land/night/tsra_sct,35?size=small"
391,"https://api.weather.gov/icons/land/night/tsra_sct,52?size=small"
392,"https://api.weather.gov/icons/land/day/ovc,4?size=small"
393,"https://api.weather.gov/icons/land/day/ovc,6?size=small"
394,"https://api.weather.gov/icons/land/day/ovc,10?size=small"
395,"https://api.weather.gov/icons/land/day/rain_showers,22?size=small"
396,"https://api.weather.gov/icons/land/day/rain_showers,27?size=small"
397,"https://api.weather.gov/icons/land/day/ovc,14?size=small"
398,"https://api.weather.gov/icons/land/day/ovc,8?size=small"
398,"https://api.weather.gov/icons/land/day/tsra,42?size=small"
399,"https://api.weather.gov/icons/land/night/rain_showers,31?size=small"
400,"https://api.weather.gov/icons/land/day/tsra_hi,33?size=small"
401,"https://api.weather.gov/icons/land/night/tsra_sct,62?size=small"
402,"https://api.weather.gov/icons/land/day/rain_showers,31?size=small"
402,"https://api.weather.gov/icons/land/day/ovc,9?size=small"
403,"https://api.weather.gov/icons/land/night/tsra,31?size=small"
403,"https://api.weather.gov/icons/land/day/tsra,67?size=small"
404,"https://api.weather.gov/icons/land/night/tsra_sct,77?size=small"
405,"https://api.weather.gov/icons/land/night/tsra,79?size=small"
405,"https://api.weather.gov/icons/land/night/tsra,74?size=small"
406,"https://api.weather.gov/icons/land/day/tsra,56?size=small"
406,"https://api.weather.gov/icons/land/day/tsra,40?size=small"
406,"https://api.weather.gov/icons/land/day/ovc,13?size=small"
406,"https://api.weather.gov/icons/land/day/ovc,3?size=small"
406,"https://api.weather.gov/icons/land/day/tsra,44?size=small"
406,"https://api.weather.gov/icons/land/day/ovc,1?size=small"
406,"https://api.weather.gov/icons/land/day/ovc,0?size=small"
406,"https://api.weather.gov/icons/land/day/rain,15?size=small"
406,"https://api.weather.gov/icons/land/night/fog,2?size=small"
407,"https://api.weather.gov/icons/land/night/fog,4?size=small"
407,"https://api.weather.gov/icons/land/night/skc,8?size=small"
408,"https://api.weather.gov/icons/land/day/fog,1?size=small"
409,"https://api.weather.gov/icons/land/night/skc,9?size=small"
409,"https://api.weather.gov/icons/land/night/skc,6?size=small"
410,"https://api.weather.gov/icons/land/night/skc,7?size=small"
410,"https://api.weather.gov/icons/land/day/hot,5?size=small"
410,"https://api.weather.gov/icons/land/day/hot,6?size=small"
410,"https://api.weather.gov/icons/land/night/tsra,42?size=small"
411,"https://api.weather.gov/icons/land/night/tsra,25?size=small"
412,"https://api.weather.gov/icons/land/day/tsra_sct,65?size=small"
413,"https://api.weather.gov/icons/land/day/tsra,90?size=small"
414,"https://api.weather.gov/icons/land/night/tsra,28?size=small"
414,"https://api.weather.gov/icons/land/night/ovc,14?size=small"
414,"https://api.weather.gov/icons/land/night/rain_showers,32?size=small"
415,"https://api.weather.gov/icons/land/night/rain_showers,47?size=small"
415,"https://api.weather.gov/icons/land/night/fog,1?size=small"
415,"https://api.weather.gov/icons/land/night/skc,10?size=small"
415,"https://api.weather.gov/icons/land/night/rain_showers,33?size=small"
416,"https://api.weather.gov/icons/land/night/rain_showers,22?size=small"
417,"https://api.weather.gov/icons/land/day/rain_showers,33?size=small"
418,"https://api.weather.gov/icons/land/night/rain_showers,25?size=small"
418,"https://api.weather.gov/icons/land/night/skc,4?size=small"
418,"https://api.weather.gov/icons/land/day/fog,2?size=small"
418,"https://api.weather.gov/icons/land/night/skc,14?size=small"
418,"https://api.weather.gov/icons/land/night/tsra_sct,26?size=small"
418,"https://api.weather.gov/icons/land/night/tsra_sct,40?size=small"
418,"https://api.weather.gov/icons/land/night/rain_showers,34?size=small"
418,"https://api.weather.gov/icons/land/day/rain_showers,36?size=small"
419,"https://api.weather.gov/icons/land/night/rain_showers,39?size=small"
420,"https://api.weather.gov/icons/land/night/rain_showers,28?size=small"
421,"https://api.weather.gov/icons/land/day/rain_showers,39?size=small"
421,"https://api.weather.gov/icons/land/day/haze,0?size=small"
421,"https://api.weather.gov/icons/land/day/rain_showers,41?size=small"
422,"https://api.weather.gov/icons/land/night/rain_showers,41?size=small"
422,"https://api.weather.gov/icons/land/night/rain_showers,45?size=small"
422,"https://api.weather.gov/icons/land/night/rain_showers,49?size=small"
423,"https://api.weather.gov/icons/land/day/rain_showers,49?size=small"
423,"https://api.weather.gov/icons/land/day/rain_showers,60?size=small"
424,"https://api.weather.gov/icons/land/night/rain_showers,60?size=small"
424,"https://api.weather.gov/icons/land/night/rain_showers,58?size=small"
425,"https://api.weather.gov/icons/land/night/rain_showers,19?size=small"
426,"https://api.weather.gov/icons/land/day/rain_showers,58?size=small"
427,"https://api.weather.gov/icons/land/night/rain_showers,56?size=small"
427,"https://api.weather.gov/icons/land/night/rain_showers,14?size=small"
428,"https://api.weather.gov/icons/land/night/rain_showers,55?size=small"
429,"https://api.weather.gov/icons/land/day/rain_showers,14?size=small"
430,"https://api.weather.gov/icons/land/day/rain_showers,55?size=small"
431,"https://api.weather.gov/icons/land/night/tsra,57?size=small"
431,"https://api.weather.gov/icons/land/night/rain_showers,63?size=small"
432,"https://api.weather.gov/icons/land/day/rain_showers,43?size=small"
433,"https://api.weather.gov/icons/land/night/rain_showers,62?size=small"
434,"https://api.weather.gov/icons/land/night/rain_showers,27?size=small"
434,"https://api.weather.gov/icons/land/night/rain_showers,54?size=small"
435,"https://api.weather.gov/icons/land/night/rain_showers,35?size=small"
436,"https://api.weather.gov/icons/land/night/rain_showers,40?size=small"
437,"https://api.weather.gov/icons/land/night/rain_showers,53?size=small"
438,"https://api.weather.gov/icons/land/day/ovc,2?size=small"
438,"https://api.weather.gov/icons/land/night/rain_showers,59?size=small"
438,"https://api.weather.gov/icons/land/night/rain_showers,57?size=small"
438,"https://api.weather.gov/icons/land/day/rain,41?size=small"
439,"https://api.weather.gov/icons/land/day/rain,26?size=small"
440,"https://api.weather.gov/icons/land/night/rain,59?size=small"
441,"https://api.weather.gov/icons/land/night/rain,37?size=small"
442,"https://api.weather.gov/icons/land/night/rain,57?size=small"
443,"https://api.weather.gov/icons/land/day/rain,22?size=small"
444,"https://api.weather.gov/icons/land/day/rain,16?size=small"
445,"https://api.weather.gov/icons/land/night/rain,55?size=small"
446,"https://api.weather.gov/icons/land/day/rain,19?size=small"
447,"https://api.weather.gov/icons/land/night/rain,60?size=small"
447,"https://api.weather.gov/icons/land/night/rain,67?size=small"
448,"https://api.weather.gov/icons/land/night/rain,65?size=small"
449,"https://api.weather.gov/icons/land/day/rain,45?size=small"
450,"https://api.weather.gov/icons/land/day/rain,27?size=small"
451,"https://api.weather.gov/icons/land/night/rain,64?size=small"
452,"https://api.weather.gov/icons/land/night/rain,74?size=small"
452,"https://api.weather.gov/icons/land/night/rain,63?size=small"
453,"https://api.weather.gov/icons/land/day/rain,44?size=small"
454,"https://api.weather.gov/icons/land/night/rain,66?size=small"
454,"https://api.weather.gov/icons/land/night/rain_showers,30?size=small"
454,"https://api.weather.gov/icons/land/night/ovc,1?size=small"
455,"https://api.weather.gov/icons/land/night/ovc,0?size=small"
455,"https://api.weather.gov/icons/land/night/rain_showers,23?size=small"
455,"https://api.weather.gov/icons/land/day/rain_showers,32?size=small"
456,"https://api.weather.gov/icons/land/day/rain_showers,40?size=small"
457,"https://api.weather.gov/icons/land/night/rain_showers,50?size=small"
457,"https://api.weather.gov/icons/land/night/tsra_sct,30?size=small"
457,"https://api.weather.gov/icons/land/night/ovc,4?size=small"
458,"https://api.weather.gov/icons/land/night/ovc,6?size=small"
458,"https://api.weather.gov/icons/land/night/ovc,10?size=small"
459,"https://api.weather.gov/icons/land/night/ovc,8?size=small"
459,"https://api.weather.gov/icons/land/day/fog,5?size=small"
460,"https://api.weather.gov/icons/land/day/fog,8?size=small"
460,"https://api.weather.gov/icons/land/day/rain_showers,44?size=small"
461,"https://api.weather.gov/icons/land/night/rain_showers,44?size=small"
461,"https://api.weather.gov/icons/land/day/rain_showers,37?size=small"
462,"https://api.weather.gov/icons/land/night/rain_showers,36?size=small"
463,"https://api.weather.gov/icons/land/night/rain_showers,37?size=small"
464,"https://api.weather.gov/icons/land/day/rain_showers,35?size=small"
464,"https://api.weather.gov/icons/land/night/tsra_sct,48?size=small"
465,"https://api.weather.gov/icons/land/day/rain_showers,45?size=small"
465,"https://api.weather.gov/icons/land/day/tsra_sct,57?size=small"
466,"https://api.weather.gov/icons/land/night/rain_showers,43?size=small"
466,"https://api.weather.gov/icons/land/night/rain_showers,68?size=small"
467,"https://api.weather.gov/icons/land/night/rain_showers,71?size=small"
468,"https://api.weather.gov/icons/land/night/rain_showers,51?size=small"
469,"https://api.weather.gov/icons/land/night/rain_showers,52?size=small"
470,"https://api.weather.gov/icons/land/day/rain_showers,48?size=small"
471,"https://api.weather.gov/icons/land/night/rain_showers,70?size=small"
471,"https://api.weather.gov/icons/land/day/tsra,39?size=small"
471,"https://api.weather.gov/icons/land/night/rain_showers,42?size=small"
471,"https://api.weather.gov/icons/land/day/tsra,53?size=small"
472,"https://api.weather.gov/icons/land/night/tsra_sct,53?size=small"
473,"https://api.weather.gov/icons/land/day/tsra_sct,49?size=small"
473,"https://api.weather.gov/icons/land/day/rain_showers,57?size=small"
474,"https://api.weather.gov/icons/land/night/rain_showers,48?size=small"
475,"https://api.weather.gov/icons/land/day/rain_showers,53?size=small"
475,"https://api.weather.gov/icons/land/day/rain_showers,42?size=small"
475,"https://api.weather.gov/icons/land/night/tsra,26?size=small"
475,"https://api.weather.gov/icons/land/night/tsra,23?size=small"
475,"https://api.weather.gov/icons/land/night/tsra_sct,60?size=small"
476,"https://api.weather.gov/icons/land/day/tsra,48?size=small"
476,"https://api.weather.gov/icons/land/day/tsra,91?size=small"
476,"https://api.weather.gov/icons/land/night/fog,5?size=small"
476,"https://api.weather.gov/icons/land/day/fog,4?size=small"
477,"https://api.weather.gov/icons/land/night/fog,3?size=small"
477,"https://api.weather.gov/icons/land/day/fog,3?size=small"
477,"https://api.weather.gov/icons/land/day/rain_showers,10?size=small"
477,"https://api.weather.gov/icons/land/day/skc,7?size=small"
477,"https://api.weather.gov/icons/land/day/rain_showers,52?size=small"
477,"https://api.weather.gov/icons/land/night/tsra_hi,50?size=small"
477,"https://api.weather.gov/icons/land/day/tsra_sct,52?size=small"
477,"https://api.weather.gov/icons/land/night/tsra_hi,54?size=small"
478,"https://api.weather.gov/icons/land/day/tsra,77?size=small"
479,"https://api.weather.gov/icons/land/day/tsra_sct,54?size=small"
480,"https://api.weather.gov/icons/land/day/tsra_hi,54?size=small"
480,https://api.weather.gov/icons/land/night/skc?size=small
481,https://api.weather.gov/icons/land/night/few?size=small
482,https://api.weather.gov/icons/land/day/skc?size=small
483,https://api.weather.gov/icons/land/day/few?size=small
484,https://api.weather.gov/icons/land/day/bkn?size=small
485,https://api.weather.gov/icons/land/day/sct?size=small
485,"https://api.weather.gov/icons/land/night/tsra,95?size=small"
486,"https://api.weather.gov/icons/land/night/rain_showers,67?size=small"
487,"https://api.weather.gov/icons/land/day/tsra_sct,60?size=small"
487,"https://api.weather.gov/icons/land/night/rain_showers,79?size=small"
487,"https://api.weather.gov/icons/land/night/wind_sct,12?size=small"
488,"https://api.weather.gov/icons/land/day/wind_few,12?size=small"
489,"https://api.weather.gov/icons/land/day/wind_sct,12?size=small"
489,"https://api.weather.gov/icons/land/night/rain_showers,13?size=small"
489,"https://api.weather.gov/icons/land/day/tsra_sct,62?size=small"
490,"https://api.weather.gov/icons/land/day/tsra,63?size=small"
491,"https://api.weather.gov/icons/land/day/tsra,71?size=small"
491,"https://api.weather.gov/icons/land/day/ovc,11?size=small"
491,"https://api.weather.gov/icons/land/day/tsra,82?size=small"
491,"https://api.weather.gov/icons/land/day/tsra,84?size=small"
492,"https://api.weather.gov/icons/land/day/rain_showers,50?size=small"
493,"https://api.weather.gov/icons/land/day/tsra,89?size=small"
493,"https://api.weather.gov/icons/land/night/ovc,7?size=small"
494,"https://api.weather.gov/icons/land/night/ovc,9?size=small"
494,"https://api.weather.gov/icons/land/day/tsra,86?size=small"
494,"https://api.weather.gov/icons/land/day/tsra,83?size=small"
495,"https://api.weather.gov/icons/land/day/tsra,92?size=small"
495,"https://api.weather.gov/icons/land/day/tsra,98?size=small"
495,"https://api.weather.gov/icons/land/day/wind_bkn,7?size=small"
495,"https://api.weather.gov/icons/land/day/rain_showers,69?size=small"
496,"https://api.weather.gov/icons/land/day/rain_showers,47?size=small"
497,"https://api.weather.gov/icons/land/night/rain_showers,69?size=small"
497,"https://api.weather.gov/icons/land/day/rain_showers,64?size=small"
498,"https://api.weather.gov/icons/land/night/rain_showers,64?size=small"
499,"https://api.weather.gov/icons/land/day/rain_showers,56?size=small"
499,"https://api.weather.gov/icons/land/night/rain_showers,61?size=small"
500,"https://api.weather.gov/icons/land/night/tsra_hi,73?size=small"
501,"https://api.weather.gov/icons/land/day/tsra_hi,61?size=small"
502,"https://api.weather.gov/icons/land/day/tsra_hi,73?size=small"
503,"https://api.weather.gov/icons/land/day/rain_showers,61?size=small"
503,"https://api.weather.gov/icons/land/day/tsra_sct,55?size=small"
504,"https://api.weather.gov/icons/land/day/tsra_hi,64?size=small"
505,"https://api.weather.gov/icons/land/night/tsra_hi,53?size=small"
506,"https://api.weather.gov/icons/land/day/wind_bkn,14?size=small"
507,"https://api.weather.gov/icons/land/night/tsra_hi,61?size=small"
508,"https://api.weather.gov/icons/land/day/tsra_sct,53?size=small"
509,"https://api.weather.gov/icons/land/night/tsra_hi,64?size=small"
509,"https://api.weather.gov/icons/land/day/tsra_hi,66?size=small"
510,"https://api.weather.gov/icons/land/day/tsra_sct,66?size=small"
511,"https://api.weather.gov/icons/land/night/tsra_hi,66?size=small"
511,"https://api.weather.gov/icons/land/day/tsra_hi,68?size=small"
512,"https://api.weather.gov/icons/land/night/wind_bkn,14?size=small"
513,"https://api.weather.gov/icons/land/night/tsra_hi,68?size=small"
514,"https://api.weather.gov/icons/land/day/tsra_sct,68?size=small"
514,"https://api.weather.gov/icons/land/night/tsra_hi,79?size=small"
515,"https://api.weather.gov/icons/land/day/wind_bkn,9?size=small"
516,"https://api.weather.gov/icons/land/day/tsra_sct,79?size=small"
517,"https://api.weather.gov/icons/land/day/rain_showers,54?size=small"
518,"https://api.weather.gov/icons/land/day/tsra_hi,79?size=small"
518,"https://api.weather.gov/icons/land/day/tsra_sct,82?size=small"
519,"https://api.weather.gov/icons/land/night/wind_sct,9?size=small"
520,"https://api.weather.gov/icons/land/day/tsra_hi,82?size=small"
521,"https://api.weather.gov/icons/land/day/wind_bkn,8?size=small"
522,"https://api.weather.gov/icons/land/night/tsra_hi,82?size=small"
522,"https://api.weather.gov/icons/land/day/tsra_hi,81?size=small"
522,"https://api.weather.gov/icons/land/day/wind_bkn,10?size=small"
523,"https://api.weather.gov/icons/land/night/tsra_hi,84?size=small"
524,"https://api.weather.gov/icons/land/day/tsra_sct,84?size=small"
525,"https://api.weather.gov/icons/land/day/tsra_hi,84?size=small"
525,"https://api.weather.gov/icons/land/night/wind_bkn,12?size=small"
525,"https://api.weather.gov/icons/land/night/tsra_hi,74?size=small"
526,"https://api.weather.gov/icons/land/night/tsra_sct,74?size=small"
527,"https://api.weather.gov/icons/land/day/tsra,85?size=small"
527,"https://api.weather.gov/icons/land/night/ovc,12?size=small"
527,"https://api.weather.gov/icons/land/day/rain_showers,8?size=small"
528,"https://api.weather.gov/icons/land/night/rain_showers,10?size=small"
529,"https://api.weather.gov/icons/land/day/rain_showers,9?size=small"
530,"https://api.weather.gov/icons/land/night/rain_showers,8?size=small"
531,"https://api.weather.gov/icons/land/day/rain_showers,11?size=small"
532,"https://api.weather.gov/icons/land/night/rain_showers,9?size=small"
533,"https://api.weather.gov/icons/land/night/rain_showers,11?size=small"
533,"https://api.weather.gov/icons/land/day/rain_showers,12?size=small"
533,"https://api.weather.gov/icons/land/day/wind_skc,0?size=small"
534,"https://api.weather.gov/icons/land/day/wind_few,0?size=small"
534,"https://api.weather.gov/icons/land/night/ovc,5?size=small"
534,"https://api.weather.gov/icons/land/night/ovc,11?size=small"
535,"https://api.weather.gov/icons/land/night/rain_showers,78?size=small"
535,"https://api.weather.gov/icons/land/day/rain_showers,59?size=small"
535,"https://api.weather.gov/icons/land/night/tsra_hi,63?size=small"
536,"https://api.weather.gov/icons/land/night/tsra,55?size=small"
536,"https://api.weather.gov/icons/land/day/tsra_sct,59?size=small"
536,"https://api.weather.gov/icons/land/night/tsra_sct,70?size=small"
537,"https://api.weather.gov/icons/land/night/tsra_hi,70?size=small"
538,"https://api.weather.gov/icons/land/night/rain_showers,65?size=small"
539,"https://api.weather.gov/icons/land/day/rain_showers,62?size=small"
539,"https://api.weather.gov/icons/land/day/rain,36?size=small"
540,"https://api.weather.gov/icons/land/day/tsra_sct,63?size=small"
541,"https://api.weather.gov/icons/land/day/rain,40?size=small"
541,"https://api.weather.gov/icons/land/night/rain,42?size=small"
542,"https://api.weather.gov/icons/land/night/rain,36?size=small"
542,"https://api.weather.gov/icons/land/night/rain,40?size=small"
542,"https://api.weather.gov/icons/land/night/tsra,89?size=small"
543,"https://api.weather.gov/icons/land/night/tsra_hi,76?size=small"
543,"https://api.weather.gov/icons/land/night/rain_showers,12?size=small"
543,"https://api.weather.gov/icons/land/night/tsra_hi,67?size=small"
544,"https://api.weather.gov/icons/land/night/rain,58?size=small"
545,"https://api.weather.gov/icons/land/night/rain,16?size=small"
546,"https://api.weather.gov/icons/land/day/tsra_hi,53?size=small"
546,"https://api.weather.gov/icons/land/night/tsra_hi,62?size=small"
547,"https://api.weather.gov/icons/land/night/tsra,98?size=small"
547,"https://api.weather.gov/icons/land/night/rain_showers,76?size=small"
547,"https://api.weather.gov/icons/land/night/tsra,96?size=small"
548,"https://api.weather.gov/icons/land/night/rain,21?size=small"
549,"https://api.weather.gov/icons/land/day/rain,25?size=small"
550,"https://api.weather.gov/icons/land/day/tsra,96?size=small"
551,"https://api.weather.gov/icons/land/day/rain,68?size=small"
552,"https://api.weather.gov/icons/land/night/rain,49?size=small"
553,"https://api.weather.gov/icons/land/day/rain,85?size=small"
554,"https://api.weather.gov/icons/land/night/rain,98?size=small"
555,"https://api.weather.gov/icons/land/day/tsra_sct,40?size=small"
556,"https://api.weather.gov/icons/land/night/rain,85?size=small"
556,"https://api.weather.gov/icons/land/day/rain_showers,67?size=small"
557,"https://api.weather.gov/icons/land/day/rain_showers,75?size=small"
558,"https://api.weather.gov/icons/land/night/rain_showers,85?size=small"
559,"https://api.weather.gov/icons/land/night/rain_showers,91?size=small"
560,"https://api.weather.gov/icons/land/day/rain_showers,91?size=small"
561,"https://api.weather.gov/icons/land/day/rain_showers,85?size=small"
561,"https://api.weather.gov/icons/land/day/rain_showers,84?size=small"
562,"https://api.weather.gov/icons/land/night/rain_showers,84?size=small"
563,"https://api.weather.gov/icons/land/day/tsra_sct,70?size=small"
564,"https://api.weather.gov/icons/land/day/tsra_sct,67?size=small"
565,"https://api.weather.gov/icons/land/day/rain_showers,89?size=small"
566,"https://api.weather.gov/icons/land/night/rain_showers,98?size=small"
567,"https://api.weather.gov/icons/land/night/rain_showers,89?size=small"
568,"https://api.weather.gov/icons/land/day/rain_showers,76?size=small"
569,"https://api.weather.gov/icons/land/night/rain_showers,82?size=small"
569,"https://api.weather.gov/icons/land/day/tsra_sct,73?size=small"
569,"https://api.weather.gov/icons/land/day/rain_showers,72?size=small"
570,"https://api.weather.gov/icons/land/night/rain_showers,77?size=small"
571,"https://api.weather.gov/icons/land/day/rain_showers,63?size=small"
571,"https://api.weather.gov/icons/land/day/rain_showers,78?size=small"
572,"https://api.weather.gov/icons/land/day/tsra_hi,99?size=small"
573,"https://api.weather.gov/icons/land/day/rain_showers,68?size=small"
574,"https://api.weather.gov/icons/land/night/rain_showers,80?size=small"
575,"https://api.weather.gov/icons/land/day/rain_showers,80?size=small"
575,"https://api.weather.gov/icons/land/day/tsra_hi,77?size=small"
576,"https://api.weather.gov/icons/land/day/tsra_sct,74?size=small"
576,"https://api.weather.gov/icons/land/night/rain_showers,90?size=small"
577,"https://api.weather.gov/icons/land/night/rain_showers,96?size=small"
578,"https://api.weather.gov/icons/land/night/rain_showers,75?size=small"
578,"https://api.weather.gov/icons/land/night/rain,23?size=small"
579,"https://api.weather.gov/icons/land/night/rain,27?size=small"
579,"https://api.weather.gov/icons/land/night/rain_showers,72?size=small"
580,"https://api.weather.gov/icons/land/night/rain_showers,92?size=small"
581,"https://api.weather.gov/icons/land/night/rain_showers,87?size=small"
581,"https://api.weather.gov/icons/land/day/rain_showers,92?size=small"
582,"https://api.weather.gov/icons/land/night/rain_showers,88?size=small"
582,"https://api.weather.gov/icons/land/night/rain_showers,93?size=small"
583,"https://api.weather.gov/icons/land/night/rain_showers,83?size=small"
583,"https://api.weather.gov/icons/land/night/wind_sct,0?size=small"
583,"https://api.weather.gov/icons/land/night/rain,38?size=small"
584,"https://api.weather.gov/icons/land/day/rain,29?size=small"
585,"https://api.weather.gov/icons/land/day/rain,31?size=small"
585,"https://api.weather.gov/icons/land/night/rain,25?size=small"
585,"https://api.weather.gov/icons/land/day/rain,39?size=small"
586,"https://api.weather.gov/icons/land/night/rain,19?size=small"
587,"https://api.weather.gov/icons/land/day/rain,23?size=small"
588,"https://api.weather.gov/icons/land/night/rain,43?size=small"
589,"https://api.weather.gov/icons/land/night/rain,22?size=small"
590,"https://api.weather.gov/icons/land/day/rain,21?size=small"
590,"https://api.weather.gov/icons/land/night/rain,26?size=small"
591,"https://api.weather.gov/icons/land/day/rain,33?size=small"
592,"https://api.weather.gov/icons/land/night/rain,24?size=small"
593,"https://api.weather.gov/icons/land/night/rain,32?size=small"
594,"https://api.weather.gov/icons/land/night/rain,14?size=small"
595,"https://api.weather.gov/icons/land/day/rain,32?size=small"
595,"https://api.weather.gov/icons/land/night/rain,34?size=small"
595,"https://api.weather.gov/icons/land/day/rain,18?size=small"
596,"https://api.weather.gov/icons/land/night/rain,29?size=small"
597,"https://api.weather.gov/icons/land/night/rain,15?size=small"
598,"https://api.weather.gov/icons/land/day/rain,24?size=small"
598,"https://api.weather.gov/icons/land/day/rain,20?size=small"
599,"https://api.weather.gov/icons/land/night/rain,31?size=small"
600,"https://api.weather.gov/icons/land/night/rain,20?size=small"
601,"https://api.weather.gov/icons/land/day/rain,34?size=small"
601,"https://api.weather.gov/icons/land/night/rain,17?size=small"
601,"https://api.weather.gov/icons/land/night/rain,44?size=small"
601,"https://api.weather.gov/icons/land/night/ovc,2?size=small"
602,"https://api.weather.gov/icons/land/night/ovc,3?size=small"
602,"https://api.weather.gov/icons/land/day/rain,17?size=small"
603,"https://api.weather.gov/icons/land/night/rain,46?size=small"
603,"https://api.weather.gov/icons/land/night/rain,18?size=small"
603,"https://api.weather.gov/icons/land/night/rain,48?size=small"
604,"https://api.weather.gov/icons/land/night/rain,28?size=small"
604,"https://api.weather.gov/icons/land/night/rain,51?size=small"
604,"https://api.weather.gov/icons/land/night/rain,50?size=small"
604,"https://api.weather.gov/icons/land/day/rain,38?size=small"
604,"https://api.weather.gov/icons/land/night/rain,47?size=small"
605,"https://api.weather.gov/icons/land/night/rain,56?size=small"
606,"https://api.weather.gov/icons/land/night/rain,33?size=small"
607,"https://api.weather.gov/icons/land/day/rain,42?size=small"
607,"https://api.weather.gov/icons/land/day/rain,55?size=small"
608,"https://api.weather.gov/icons/land/night/rain,35?size=small"
609,"https://api.weather.gov/icons/land/night/rain,53?size=small"
609,"https://api.weather.gov/icons/land/day/rain,58?size=small"
609,"https://api.weather.gov/icons/land/day/rain,64?size=small"
610,"https://api.weather.gov/icons/land/night/rain,70?size=small"
611,"https://api.weather.gov/icons/land/night/wind_bkn,13?size=small"
611,"https://api.weather.gov/icons/land/night/rain,84?size=small"
612,"https://api.weather.gov/icons/land/day/rain,50?size=small"
613,"https://api.weather.gov/icons/land/day/rain,43?size=small"
614,"https://api.weather.gov/icons/land/day/rain,77?size=small"
614,"https://api.weather.gov/icons/land/day/rain,30?size=small"
614,"https://api.weather.gov/icons/land/day/rain,84?size=small"
615,"https://api.weather.gov/icons/land/night/rain,89?size=small"
615,"https://api.weather.gov/icons/land/day/rain,60?size=small"
616,"https://api.weather.gov/icons/land/day/rain,76?size=small"
617,"https://api.weather.gov/icons/land/night/rain,71?size=small"
618,"https://api.weather.gov/icons/land/night/rain,39?size=small"
619,"https://api.weather.gov/icons/land/day/rain,47?size=small"
620,"https://api.weather.gov/icons/land/night/rain,82?size=small"
620,"https://api.weather.gov/icons/land/night/rain,30?size=small"
621,"https://api.weather.gov/icons/land/night/rain,79?size=small"
622,"https://api.weather.gov/icons/land/day/rain,53?size=small"
623,"https://api.weather.gov/icons/land/night/rain,88?size=small"
624,"https://api.weather.gov/icons/land/day/rain,63?size=small"
625,"https://api.weather.gov/icons/land/day/rain,56?size=small"
625,"https://api.weather.gov/icons/land/night/snow,22?size=small"
625,"https://api.weather.gov/icons/land/night/snow,15?size=small"
625,"https://api.weather.gov/icons/land/day/rain,48?size=small"
626,"https://api.weather.gov/icons/land/night/snow,16?size=small"
627,"https://api.weather.gov/icons/land/day/rain,80?size=small"
628,"https://api.weather.gov/icons/land/night/rain,94?size=small"
629,"https://api.weather.gov/icons/land/day/rain,65?size=small"
629,"https://api.weather.gov/icons/land/day/rain,75?size=small"
630,"https://api.weather.gov/icons/land/night/rain,97?size=small"
631,"https://api.weather.gov/icons/land/day/rain,90?size=small"
632,"https://api.weather.gov/icons/land/night/rain,81?size=small"
632,"https://api.weather.gov/icons/land/day/rain,54?size=small"
633,"https://api.weather.gov/icons/land/day/rain,52?size=small"
634,"https://api.weather.gov/icons/land/day/rain,62?size=small"
635,"https://api.weather.gov/icons/land/day/rain,72?size=small"
636,"https://api.weather.gov/icons/land/night/rain,95?size=small"
637,"https://api.weather.gov/icons/land/night/rain,80?size=small"
638,"https://api.weather.gov/icons/land/day/rain,46?size=small"
638,"https://api.weather.gov/icons/land/day/rain,35?size=small"
639,"https://api.weather.gov/icons/land/day/rain,61?size=small"
640,"https://api.weather.gov/icons/land/day/rain,74?size=small"
641,"https://api.weather.gov/icons/land/day/rain,51?size=small"
641,"https://api.weather.gov/icons/land/day/rain,49?size=small"
642,"https://api.weather.gov/icons/land/day/rain,79?size=small"
643,"https://api.weather.gov/icons/land/day/rain,66?size=small"
643,"https://api.weather.gov/icons/land/day/rain,73?size=small"
644,"https://api.weather.gov/icons/land/night/rain,73?size=small"
645,"https://api.weather.gov/icons/land/night/rain,87?size=small"
646,"https://api.weather.gov/icons/land/night/rain,99?size=small"
647,"https://api.weather.gov/icons/land/night/rain,77?size=small"
648,"https://api.weather.gov/icons/land/night/rain,92?size=small"
649,"https://api.weather.gov/icons/land/night/rain,91?size=small"
649,"https://api.weather.gov/icons/land/night/rain,96?size=small"
650,"https://api.weather.gov/icons/land/day/rain,70?size=small"
651,"https://api.weather.gov/icons/land/night/rain,100?size=small"
652,"https://api.weather.gov/icons/land/night/rain,68?size=small"
652,"https://api.weather.gov/icons/land/night/rain,61?size=small"
653,"https://api.weather.gov/icons/land/night/rain,72?size=small"
654,"https://api.weather.gov/icons/land/night/rain,86?size=small"
655,"https://api.weather.gov/icons/land/night/rain,78?size=small"
656,"https://api.weather.gov/icons/land/night/rain,93?size=small"
656,"https://api.weather.gov/icons/land/day/rain,100?size=small"
657,"https://api.weather.gov/icons/land/night/rain,90?size=small"
657,"https://api.weather.gov/icons/land/night/fog,13?size=small"
658,"https://api.weather.gov/icons/land/night/fog,11?size=small"
659,"https://api.weather.gov/icons/land/day/fog,9?size=small"
660,"https://api.weather.gov/icons/land/night/fog,14?size=small"
661,"https://api.weather.gov/icons/land/day/fog,11?size=small"
661,"https://api.weather.gov/icons/land/day/rain,37?size=small"
661,"https://api.weather.gov/icons/land/night/snow,34?size=small"
662,"https://api.weather.gov/icons/land/day/rain,28?size=small"
662,"https://api.weather.gov/icons/land/night/snow,49?size=small"
663,"https://api.weather.gov/icons/land/day/snow,41?size=small"
663,"https://api.weather.gov/icons/land/night/snow,59?size=small"
664,"https://api.weather.gov/icons/land/day/snow,36?size=small"
664,"https://api.weather.gov/icons/land/day/snow,61?size=small"
665,"https://api.weather.gov/icons/land/night/snow,62?size=small"
665,"https://api.weather.gov/icons/land/day/snow,64?size=small"
666,"https://api.weather.gov/icons/land/night/snow,58?size=small"
666,"https://api.weather.gov/icons/land/night/snow,64?size=small"
667,"https://api.weather.gov/icons/land/day/snow,67?size=small"
668,"https://api.weather.gov/icons/land/night/snow,38?size=small"
669,"https://api.weather.gov/icons/land/night/snow,17?size=small"
670,"https://api.weather.gov/icons/land/night/snow,57?size=small"
671,"https://api.weather.gov/icons/land/night/snow,18?size=small"
672,"https://api.weather.gov/icons/land/night/rain,45?size=small"
672,"https://api.weather.gov/icons/land/night/snow,23?size=small"
673,"https://api.weather.gov/icons/land/day/snow,88?size=small"
674,"https://api.weather.gov/icons/land/night/snow,40?size=small"
675,"https://api.weather.gov/icons/land/day/snow,76?size=small"
676,"https://api.weather.gov/icons/land/day/snow,94?size=small"
677,"https://api.weather.gov/icons/land/day/snow,80?size=small"
678,"https://api.weather.gov/icons/land/day/snow,93?size=small"
678,"https://api.weather.gov/icons/land/day/rain,57?size=small"
678,"https://api.weather.gov/icons/land/day/rain,97?size=small"
679,"https://api.weather.gov/icons/land/day/rain,88?size=small"
680,"https://api.weather.gov/icons/land/day/rain,96?size=small"
681,"https://api.weather.gov/icons/land/night/snow,19?size=small"
681,"https://api.weather.gov/icons/land/day/snow,18?size=small"
682,"https://api.weather.gov/icons/land/day/rain,82?size=small"
683,"https://api.weather.gov/icons/land/day/rain,94?size=small"
684,"https://api.weather.gov/icons/land/day/rain,69?size=small"
685,"https://api.weather.gov/icons/land/night/rain,54?size=small"
685,"https://api.weather.gov/icons/land/day/rain,98?size=small"
686,"https://api.weather.gov/icons/land/day/rain,93?size=small"
686,"https://api.weather.gov/icons/land/night/rain,76?size=small"
686,"https://api.weather.gov/icons/land/night/rain,83?size=small"
687,"https://api.weather.gov/icons/land/night/rain,75?size=small"
687,"https://api.weather.gov/icons/land/day/rain,89?size=small"
687,"https://api.weather.gov/icons/land/day/rain,78?size=small"
687,"https://api.weather.gov/icons/land/day/rain,67?size=small"
688,"https://api.weather.gov/icons/land/day/rain,83?size=small"
689,"https://api.weather.gov/icons/land/night/rain,62?size=small"
689,"https://api.weather.gov/icons/land/night/rain,41?size=small"
690,"https://api.weather.gov/icons/land/night/rain,69?size=small"
690,"https://api.weather.gov/icons/land/day/wind_sct,1?size=small"
691,"https://api.weather.gov/icons/land/day/wind_sct,3?size=small"
691,"https://api.weather.gov/icons/land/night/rain,52?size=small"
691,"https://api.weather.gov/icons/land/day/fog,7?size=small"
691,"https://api.weather.gov/icons/land/night/snow,79?size=small"
692,"https://api.weather.gov/icons/land/night/snow,84?size=small"
693,"https://api.weather.gov/icons/land/night/snow,55?size=small"
694,"https://api.weather.gov/icons/land/night/snow,74?size=small"
695,"https://api.weather.gov/icons/land/night/snow,81?size=small"
696,"https://api.weather.gov/icons/land/day/snow,77?size=small"
697,"https://api.weather.gov/icons/land/night/snow,37?size=small"
697,"https://api.weather.gov/icons/land/day/snow,46?size=small"
697,"https://api.weather.gov/icons/land/day/rain,86?size=small"
697,"https://api.weather.gov/icons/land/day/snow,24?size=small"
697,"https://api.weather.gov/icons/land/night/rain_showers,6?size=small"
697,"https://api.weather.gov/icons/land/day/snow,34?size=small"
698,"https://api.weather.gov/icons/land/day/snow,25?size=small"
698,"https://api.weather.gov/icons/land/night/rain_showers,73?size=small"
698,"https://api.weather.gov/icons/land/night/rain_showers,74?size=small"
698,"https://api.weather.gov/icons/land/day/wind_sct,5?size=small"
699,"https://api.weather.gov/icons/land/day/wind_sct,6?size=small"
700,"https://api.weather.gov/icons/land/day/wind_few,6?size=small"
700,"https://api.weather.gov/icons/land/day/wind_sct,0?size=small"
701,"https://api.weather.gov/icons/land/day/rain,87?size=small"
702,"https://api.weather.gov/icons/land/day/rain,91?size=small"
702,"https://api.weather.gov/icons/land/day/rain,99?size=small"
703,"https://api.weather.gov/icons/land/day/rain,92?size=small"
703,"https://api.weather.gov/icons/land/day/rain,71?size=small"
703,"https://api.weather.gov/icons/land/day/rain,81?size=small"
703,"https://api.weather.gov/icons/land/day/wind_bkn,2?size=small"
704,"https://api.weather.gov/icons/land/day/wind_sct,2?size=small"
705,"https://api.weather.gov/icons/land/day/wind_few,2?size=small"
705,"https://api.weather.gov/icons/land/day/cold,0?size=small"
706,"https://api.weather.gov/icons/land/day/wind_few,1?size=small"
706,"https://api.weather.gov/icons/land/day/wind_bkn,0?size=small"
706,"https://api.weather.gov/icons/land/night/wind_few,0?size=small"
706,"https://api.weather.gov/icons/land/night/cold,0?size=small"
706,"https://api.weather.gov/icons/land/night/snow,10?size=small"
707,"https://api.weather.gov/icons/land/day/snow,21?size=small"
708,"https://api.weather.gov/icons/land/day/snow,33?size=small"
708,"https://api.weather.gov/icons/land/night/snow,39?size=small"
709,"https://api.weather.gov/icons/land/night/snow,20?size=small"
710,"https://api.weather.gov/icons/land/day/snow,47?size=small"
710,"https://api.weather.gov/icons/land/night/snow,35?size=small"
711,"https://api.weather.gov/icons/land/day/snow,26?size=small"
712,"https://api.weather.gov/icons/land/day/snow,38?size=small"
712,"https://api.weather.gov/icons/land/day/snow,52?size=small"
712,"https://api.weather.gov/icons/land/night/snow,42?size=small"
713,"https://api.weather.gov/icons/land/day/snow,56?size=small"
713,"https://api.weather.gov/icons/land/night/snow,33?size=small"
714,"https://api.weather.gov/icons/land/day/snow,66?size=small"
715,"https://api.weather.gov/icons/land/night/snow,72?size=small"
716,"https://api.weather.gov/icons/land/night/snow,44?size=small"
716,"https://api.weather.gov/icons/land/night/snow,61?size=small"
717,"https://api.weather.gov/icons/land/day/snow,20?size=small"
718,"https://api.weather.gov/icons/land/day/snow,65?size=small"
719,"https://api.weather.gov/icons/land/night/snow,43?size=small"
719,"https://api.weather.gov/icons/land/night/snow,68?size=small"
720,"https://api.weather.gov/icons/land/night/snow,21?size=small"
721,"https://api.weather.gov/icons/land/night/snow,76?size=small"
722,"https://api.weather.gov/icons/land/night/snow,71?size=small"
723,"https://api.weather.gov/icons/land/night/snow,53?size=small"
724,"https://api.weather.gov/icons/land/night/snow,41?size=small"
725,"https://api.weather.gov/icons/land/day/snow,70?size=small"
726,"https://api.weather.gov/icons/land/night/snow,73?size=small"
726,"https://api.weather.gov/icons/land/day/fog,14?size=small"
726,"https://api.weather.gov/icons/land/night/snow,51?size=small"
727,"https://api.weather.gov/icons/land/night/snow,28?size=small"
728,"https://api.weather.gov/icons/land/night/snow,47?size=small"
729,"https://api.weather.gov/icons/land/night/snow,36?size=small"
730,"https://api.weather.gov/icons/land/night/snow,27?size=small"
731,"https://api.weather.gov/icons/land/night/snow,31?size=small"
732,"https://api.weather.gov/icons/land/night/snow,56?size=small"
733,"https://api.weather.gov/icons/land/night/snow,25?size=small"
733,"https://api.weather.gov/icons/land/night/snow,89?size=small"
734,"https://api.weather.gov/icons/land/night/snow,77?size=small"
735,"https://api.weather.gov/icons/land/night/snow,97?size=small"
736,"https://api.weather.gov/icons/land/night/snow,82?size=small"
737,"https://api.weather.gov/icons/land/night/snow,66?size=small"
737,"https://api.weather.gov/icons/land/day/snow,17?size=small"
738,"https://api.weather.gov/icons/land/night/snow,32?size=small"
739,"https://api.weather.gov/icons/land/night/snow,45?size=small"
740,"https://api.weather.gov/icons/land/day/snow,81?size=small"
740,"https://api.weather.gov/icons/land/night/fog,12?size=small"
741,"https://api.weather.gov/icons/land/day/fog,6?size=small"
741,"https://api.weather.gov/icons/land/night/snow,88?size=small"
742,"https://api.weather.gov/icons/land/night/snow,63?size=small"
743,"https://api.weather.gov/icons/land/night/snow,78?size=small"
744,"https://api.weather.gov/icons/land/day/fog,10?size=small"
744,"https://api.weather.gov/icons/land/night/snow,30?size=small"
745,"https://api.weather.gov/icons/land/day/snow,27?size=small"
745,"https://api.weather.gov/icons/land/night/snow,100?size=small"
745,"https://api.weather.gov/icons/land/day/snow,54?size=small"
746,"https://api.weather.gov/icons/land/night/wind_bkn,9?size=small"
747,"https://api.weather.gov/icons/land/night/snow,94?size=small"
748,"https://api.weather.gov/icons/land/day/snow,48?size=small"
749,"https://api.weather.gov/icons/land/day/snow,83?size=small"
750,"https://api.weather.gov/icons/land/night/fog,6?size=small"
751,"https://api.weather.gov/icons/land/night/snow,54?size=small"
751,"https://api.weather.gov/icons/land/day/fog,12?size=small"
752,"https://api.weather.gov/icons/land/day/snow,22?size=small"
752,"https://api.weather.gov/icons/land/day/snow,87?size=small"
753,"https://api.weather.gov/icons/land/night/snow,67?size=small"
753,"https://api.weather.gov/icons/land/night/snow,60?size=small"
754,"https://api.weather.gov/icons/land/night/wind_bkn,11?size=small"
755,"https://api.weather.gov/icons/land/day/snow,92?size=small"
756,"https://api.weather.gov/icons/land/day/snow,58?size=small"
757,"https://api.weather.gov/icons/land/night/wind_ovc,11?size=small"
757,"https://api.weather.gov/icons/land/day/cold,14?size=small"
757,"https://api.weather.gov/icons/land/night/cold,12?size=small"
757,"https://api.weather.gov/icons/land/night/cold,4?size=small"
758,"https://api.weather.gov/icons/land/day/snow,16?size=small"
759,"https://api.weather.gov/icons/land/night/wind_ovc,9?size=small"
759,"https://api.weather.gov/icons/land/day/cold,13?size=small"
759,"https://api.weather.gov/icons/land/night/snow,48?size=small"
760,"https://api.weather.gov/icons/land/night/cold,9?size=small"
761,"https://api.weather.gov/icons/land/day/rain,59?size=small"
762,"https://api.weather.gov/icons/land/night/snow,26?size=small"
763,"https://api.weather.gov/icons/land/day/snow,15?size=small"
764,"https://api.weather.gov/icons/land/day/snow,73?size=small"
765,"https://api.weather.gov/icons/land/day/snow,72?size=small"
766,"https://api.weather.gov/icons/land/day/wind_bkn,12?size=small"
767,"https://api.weather.gov/icons/land/night/wind_ovc,7?size=small"
767,"https://api.weather.gov/icons/land/day/snow,59?size=small"
767,"https://api.weather.gov/icons/land/night/wind_ovc,1?size=small"
768,"https://api.weather.gov/icons/land/night/wind_ovc,2?size=small"
769,"https://api.weather.gov/icons/land/day/snow,60?size=small"
770,"https://api.weather.gov/icons/land/day/wind_bkn,11?size=small"
771,"https://api.weather.gov/icons/land/day/rain_snow,99?size=small"
772,"https://api.weather.gov/icons/land/day/rain_snow,89?size=small"
773,"https://api.weather.gov/icons/land/day/cold,11?size=small"
774,"https://api.weather.gov/icons/land/night/cold,5?size=small"
775,"https://api.weather.gov/icons/land/day/sleet,80?size=small"
776,"https://api.weather.gov/icons/land/night/wind_ovc,13?size=small"
776,"https://api.weather.gov/icons/land/night/snow,93?size=small"
777,"https://api.weather.gov/icons/land/night/snow,87?size=small"
777,"https://api.weather.gov/icons/land/day/snow,23?size=small"
778,"https://api.weather.gov/icons/land/night/wind_bkn,0?size=small"
779,"https://api.weather.gov/icons/land/day/snow,71?size=small"
780,"https://api.weather.gov/icons/land/night/snow,75?size=small"
781,"https://api.weather.gov/icons/land/day/snow,84?size=small"
782,"https://api.weather.gov/icons/land/night/snow,70?size=small"
783,"https://api.weather.gov/icons/land/day/snow,86?size=small"
783,"https://api.weather.gov/icons/land/night/wind_ovc,0?size=small"
783,"https://api.weather.gov/icons/land/night/cold,14?size=small"
783,"https://api.weather.gov/icons/land/day/snow,99?size=small"
784,"https://api.weather.gov/icons/land/night/snow,98?size=small"
785,"https://api.weather.gov/icons/land/day/snow,85?size=small"
786,"https://api.weather.gov/icons/land/night/snow,86?size=small"
786,"https://api.weather.gov/icons/land/night/cold,11?size=small"
786,"https://api.weather.gov/icons/land/day/snow,90?size=small"
787,"https://api.weather.gov/icons/land/night/snow,50?size=small"
788,"https://api.weather.gov/icons/land/day/snow,79?size=small"
789,"https://api.weather.gov/icons/land/day/snow,19?size=small"
790,"https://api.weather.gov/icons/land/day/cold,7?size=small"
791,"https://api.weather.gov/icons/land/day/snow,91?size=small"
792,"https://api.weather.gov/icons/land/day/snow,100?size=small"
793,"https://api.weather.gov/icons/land/night/cold,13?size=small"
794,"https://api.weather.gov/icons/land/day/snow,40?size=small"
795,"https://api.weather.gov/icons/land/night/cold,8?size=small"
795,"https://api.weather.gov/icons/land/day/cold,10?size=small"
795,"https://api.weather.gov/icons/land/night/cold,6?size=small"
796,"https://api.weather.gov/icons/land/day/cold,12?size=small"
797,"https://api.weather.gov/icons/land/day/cold,6?size=small"
798,"https://api.weather.gov/icons/land/night/snow,24?size=small"
799,"https://api.weather.gov/icons/land/day/cold,9?size=small"
800,"https://api.weather.gov/icons/land/day/snow,43?size=small"
800,"https://api.weather.gov/icons/land/night/cold,7?size=small"
800,"https://api.weather.gov/icons/land/day/cold,8?size=small"
801,"https://api.weather.gov/icons/land/night/cold,3?size=small"
802,"https://api.weather.gov/icons/land/day/snow,45?size=small"
803,"https://api.weather.gov/icons/land/day/snow,35?size=small"
803,"https://api.weather.gov/icons/land/day/cold,3?size=small"
803,"https://api.weather.gov/icons/land/day/snow,31?size=small"
804,"https://api.weather.gov/icons/land/day/snow,29?size=small"
805,"https://api.weather.gov/icons/land/night/wind_ovc,14?size=small"
806,"https://api.weather.gov/icons/land/day/tsra,99?size=small"
807,"https://api.weather.gov/icons/land/day/cold,5?size=small"
808,"https://api.weather.gov/icons/land/night/tsra,99?size=small"
808,"https://api.weather.gov/icons/land/day/cold,2?size=small"
809,"https://api.weather.gov/icons/land/day/snow,53?size=small"
810,"https://api.weather.gov/icons/land/day/snow,37?size=small"
811,"https://api.weather.gov/icons/land/day/rain,95?size=small"
812,"https://api.weather.gov/icons/land/night/tsra,86?size=small"
813,"https://api.weather.gov/icons/land/night/wind_ovc,10?size=small"
813,"https://api.weather.gov/icons/land/day/snow_fzra,54?size=small"
813,"https://api.weather.gov/icons/land/night/cold,1?size=small"
814,"https://api.weather.gov/icons/land/night/cold,2?size=small"
815,"https://api.weather.gov/icons/land/day/cold,4?size=small"
816,"https://api.weather.gov/icons/land/day/cold,1?size=small"
817,"https://api.weather.gov/icons/land/night/wind_ovc,12?size=small"
817,"https://api.weather.gov/icons/land/day/wind_ovc,6?size=small"
818,"https://api.weather.gov/icons/land/day/snow_fzra,34?size=small"
819,"https://api.weather.gov/icons/land/night/wind_ovc,8?size=small"
819,"https://api.weather.gov/icons/land/day/snow,14?size=small"
820,"https://api.weather.gov/icons/land/day/snow,13?size=small"
821,"https://api.weather.gov/icons/land/day/snow,12?size=small"
822,"https://api.weather.gov/icons/land/day/snow,10?size=small"
822,"https://api.weather.gov/icons/land/day/wind_ovc,13?size=small"
823,"https://api.weather.gov/icons/land/day/snow,3?size=small"
824,"https://api.weather.gov/icons/land/night/cold,10?size=small"
824,"https://api.weather.gov/icons/land/night/snow,12?size=small"
825,"https://api.weather.gov/icons/land/day/wind_ovc,43?size=small"
825,"https://api.weather.gov/icons/land/night/snow,14?size=small"
826,"https://api.weather.gov/icons/land/day/snow,5?size=small"
827,"https://api.weather.gov/icons/land/day/snow,9?size=small"
827,"https://api.weather.gov/icons/land/day/snow,28?size=small"
827,"https://api.weather.gov/icons/land/day/snow,51?size=small"
827,"https://api.weather.gov/icons/land/day/snow,11?size=small"
827,"https://api.weather.gov/icons/land/day/snow,98?size=small"
827,"https://api.weather.gov/icons/land/night/snow,46?size=small"
827,"https://api.weather.gov/icons/land/day/snow,1?size=small"
827,"https://api.weather.gov/icons/land/night/snow,29?size=small"
827,"https://api.weather.gov/icons/land/night/snow,99?size=small"
827,"https://api.weather.gov/icons/land/night/rain_fzra,21?size=small"
828,"https://api.weather.gov/icons/land/day/rain_fzra,36?size=small"
828,"https://api.weather.gov/icons/land/night/snow_fzra,23?size=small"
829,"https://api.weather.gov/icons/land/day/rain_fzra,40?size=small"
829,"https://api.weather.gov/icons/land/night/rain_fzra,22?size=small"
830,"https://api.weather.gov/icons/land/day/rain_fzra,39?size=small"
830,"https://api.weather.gov/icons/land/night/rain_fzra,24?size=small"
831,"https://api.weather.gov/icons/land/night/rain_fzra,69?size=small"
832,"https://api.weather.gov/icons/land/day/rain_fzra,55?size=small"
833,"https://api.weather.gov/icons/land/day/rain_fzra,47?size=small"
833,"https://api.weather.gov/icons/land/night/snow,83?size=small"
833,"https://api.weather.gov/icons/land/day/rain_fzra,65?size=small"
834,"https://api.weather.gov/icons/land/night/rain_fzra,81?size=small"
834,"https://api.weather.gov/icons/land/night/snow,13?size=small"
834,"https://api.weather.gov/icons/land/night/fzra,23?size=small"
835,"https://api.weather.gov/icons/land/day/fzra,44?size=small"
836,"https://api.weather.gov/icons/land/night/snow,11?size=small"
836,"https://api.weather.gov/icons/land/day/snow,0?size=small"
837,"https://api.weather.gov/icons/land/day/snow,4?size=small"
838,"https://api.weather.gov/icons/land/day/snow,8?size=small"
838,"https://api.weather.gov/icons/land/night/rain_fzra,89?size=small"
839,"https://api.weather.gov/icons/land/night/fzra,16?size=small"
840,"https://api.weather.gov/icons/land/night/rain_fzra,16?size=small"
841,"https://api.weather.gov/icons/land/day/rain_fzra,63?size=small"
841,"https://api.weather.gov/icons/land/day/rain_fzra,79?size=small"
842,"https://api.weather.gov/icons/land/night/rain_fzra,23?size=small"
843,"https://api.weather.gov/icons/land/day/rain_fzra,60?size=small"
843,"https://api.weather.gov/icons/land/night/rain_fzra,100?size=small"
844,"https://api.weather.gov/icons/land/day/rain_fzra,57?size=small"
845,"https://api.weather.gov/icons/land/night/fzra,27?size=small"
846,"https://api.weather.gov/icons/land/day/rain_fzra,82?size=small"
847,"https://api.weather.gov/icons/land/day/fzra,57?size=small"
847,"https://api.weather.gov/icons/land/day/rain_fzra,69?size=small"
848,"https://api.weather.gov/icons/land/day/fzra,73?size=small"
849,"https://api.weather.gov/icons/land/night/fzra,40?size=small"
850,"https://api.weather.gov/icons/land/day/rain_fzra,78?size=small"
851,"https://api.weather.gov/icons/land/day/fzra,63?size=small"
852,"https://api.weather.gov/icons/land/day/fzra,56?size=small"
853,"https://api.weather.gov/icons/land/day/rain_fzra,77?size=small"
854,"https://api.weather.gov/icons/land/night/rain_fzra,98?size=small"
855,"https://api.weather.gov/icons/land/night/rain_fzra,96?size=small"
856,"https://api.weather.gov/icons/land/night/fzra,25?size=small"
857,"https://api.weather.gov/icons/land/night/fzra,48?size=small"
857,"https://api.weather.gov/icons/land/night/rain,9?size=small"
857,"https://api.weather.gov/icons/land/night/rain,5?size=small"
857,"https://api.weather.gov/icons/land/night/rain,6?size=small"
858,"https://api.weather.gov/icons/land/night/rain,4?size=small"
858,"https://api.weather.gov/icons/land/night/fog,9?size=small"
858,"https://api.weather.gov/icons/land/night/fog,8?size=small"
858,"https://api.weather.gov/icons/land/night/sct,32?size=small"
858,"https://api.weather.gov/icons/land/night/wind_bkn,2?size=small"
858,"https://api.weather.gov/icons/land/day/wind_few,4?size=small"
858,"https://api.weather.gov/icons/land/night/wind_sct,11?size=small"
859,"https://api.weather.gov/icons/land/day/wind_bkn,13?size=small"
859,"https://api.weather.gov/icons/land/day/wind_bkn,1?size=small"
859,"https://api.weather.gov/icons/land/day/wind_sct,11?size=small"
860,"https://api.weather.gov/icons/land/day/wind_ovc,14?size=small"
860,"https://api.weather.gov/icons/land/day/wind_bkn,3?size=small"
860,"https://api.weather.gov/icons/land/night/wind_bkn,6?size=small"
